,0,1,2
688,Louisiana,Claiborne,-37.273044467578984
277,Florida,Volusia,641.5526438801458
887,Mississippi,Simpson,436.3096858717636
21,Alabama,Cullman,4720.773032131281
1287,Ohio,Pickaway,-87.70930867106813
17,Alabama,Conecuh,332.64106550629003
208,Colorado,Routt,114.03388627931372
475,Idaho,Payette,-40.47175653219256
1070,Nebraska,Logan,704.6237472026692
1604,Texas,Foard,-177.74203757786358
1344,Oklahoma,Jefferson,86.71117942684077
909,Missouri,Audrain,572.0054861593867
346,Georgia,Gwinnett,1186.5323045338146
912,Missouri,Bates,10283.427897834372
1046,Nebraska,Furnas,-303.547990209453
1706,Texas,Palo Pinto,188.74380580885963
822,Michigan,Van Buren,-113.15953202905212
918,Missouri,Caldwell,414.45736165797643
976,Missouri,New Madrid,-237.05975268885618
590,Iowa,Carroll,1021.2490656305704
1347,Oklahoma,Kingfisher,1602.5642019083757
385,Georgia,Muscogee,-807.6202498084799
1352,Oklahoma,Love,-38.97139147558346
824,Michigan,Wayne,927.2147985707829
1215,North Carolina,Warren,1629.4198721518046
546,Illinois,Ogle,2593.4672466891348
227,Florida,Clay,2961.95565368054
1606,Texas,Franklin,494.5119124484172
131,Arkansas,Ouachita,-250.26817176919167
459,Idaho,Franklin,3268.18501555229
278,Florida,Wakulla,812.332712617248
717,Louisiana,Terrebonne,7103.445395813353
1376,Oklahoma,Seminole,1139.354414546268
1247,Ohio,Franklin,-61.40749080057594
1456,Tennessee,Fentress,-532.6635586099742
544,Illinois,Morgan,891.5457819068201
1382,Oklahoma,Wagoner,-305.24472775745403
567,Illinois,Wabash,1679.4982077403943
306,Georgia,Chattahoochee,896.3016251093873
282,Georgia,Atkinson,38976.3725682036
430,Georgia,Wayne,-168.10666514190598
40,Alabama,Limestone,276.64971012491833
791,Michigan,Livingston,-191.97534521895795
401,Georgia,Rockdale,8189.950962991747
1355,Oklahoma,Mayes,-382.0077805703786
1836,Virginia,Charles City,1393.0436867229291
722,Louisiana,Webster,1076.8788606996513
1206,North Carolina,Stanly,1047.9395450763764
1802,Utah,Uintah,687.2311209183613
423,Georgia,Union,7063.498664017687
491,Illinois,Champaign,6124.746398061723
447,Idaho,Bonner,560.7596146887108
292,Georgia,Bleckley,199.12259033161854
316,Georgia,Columbia,12188.117073875379
223,Florida,Broward,1009.8372736596466
896,Mississippi,Union,-403.09410446429797
1795,Utah,Rich,327.70400963365137
79,Arizona,Yuma,780.4641688842789
217,Colorado,Yuma,90.37114688761312
1841,Virginia,Culpeper,15.850420389340343
1017,Nebraska,Banner,24195.006888605127
1524,Tennessee,White,3869.40533700638
9,Alabama,Cherokee,-206.90923889586293
122,Arkansas,Lonoke,444.4689123523008
355,Georgia,Houston,1694.2328269257432
507,Illinois,Gallatin,908.1606444519898
181,Colorado,Hinsdale,102.3663154110186
1658,Texas,Kerr,729.7252465695478
1583,Texas,Dallas,80.23671527466286
1157,North Carolina,Franklin,-108.01284705491344
335,Georgia,Fayette,2577.882637667229
1828,Virginia,Bland,81.17891178878335
1523,Tennessee,Weakley,1093.0042429650325
471,Idaho,Minidoka,3407.0855417060934
1914,Virginia,Westmoreland,167.4178350294219
915,Missouri,Boone,284.4084955779813
1624,Texas,Hardeman,943.8999535735038
1911,Virginia,Virginia Beach,901.2257593979052
888,Mississippi,Smith,-410.0344524268944
885,Mississippi,Scott,163.88014338813582
214,Colorado,Teller,27185.285099321685
1750,Texas,Tom Green,-90.15292573948363
1733,Texas,Shackelford,3889.2664673833838
352,Georgia,Hart,3666.722339351802
1722,Texas,Robertson,231.95841913156437
661,Iowa,Tama,24.664851732982243
1856,Virginia,Greene,39.79183534223648
695,Louisiana,Grant,720.2582803822875
849,Mississippi,Hinds,654.9405139933783
1824,Virginia,Arlington,587.5180285844522
398,Georgia,Rabun,-817.1938915235555
833,Mississippi,Carroll,1424.0742012356277
1441,Tennessee,Carroll,587.2926541109246
862,Mississippi,Lawrence,723.9575090035701
1178,North Carolina,Macon,457.4496939908263
1582,Texas,Dallam,-16.742948737556617
1004,Missouri,Sullivan,2849.639511044685
1748,Texas,Throckmorton,3706.711090256282
820,Michigan,Shiawassee,1829.5745232000645
886,Mississippi,Sharkey,198.06891917498388
852,Mississippi,Issaquena,427.33180286919696
145,Arkansas,Sevier,137.3649344861533
10,Alabama,Chilton,-113.19348409853433
779,Michigan,Iosco,534.6455651025135
1273,Ohio,Marion,491.6624762451024
308,Georgia,Cherokee,-52.14971047775771
939,Missouri,Dunklin,25107.774680158283
1213,North Carolina,Vance,8619.942379504584
64,Alabama,Winston,3164.4116026007964
1683,Texas,Maverick,233.46837062078293
485,Illinois,Boone,12369.181912421967
835,Mississippi,Choctaw,222.7625827062443
1861,Virginia,Henrico,16157.852203703285
1197,North Carolina,Polk,1256.8510473401498
1227,Ohio,Athens,2092.858600258354
821,Michigan,Tuscola,718.3108378380098
356,Georgia,Irwin,752.7649993505133
1292,Ohio,Richland,730.3654893831504
345,Georgia,Greene,9416.624513756966
1220,North Carolina,Wilson,-400.3685312474422
1916,Virginia,Wythe,5995.843191853282
75,Arizona,Pima,6410.414735023749
12,Alabama,Clarke,14696.242769858807
908,Missouri,Atchison,294.33583326562666
836,Mississippi,Claiborne,-211.43930572672775
478,Idaho,Teton,2332.346415806423
1555,Texas,Calhoun,-580.1570974698325
839,Mississippi,Coahoma,3039.695490164179
1393,South Carolina,Beaufort,686.4693002297054
1341,Oklahoma,Haskell,-434.29093338214375
251,Florida,Lee,258.51616717052957
113,Arkansas,Jackson,774.2267268021465
1320,Oklahoma,Carter,808.4824801119175
1613,Texas,Goliad,365.89060940999434
610,Iowa,Floyd,1477.0565239861344
1515,Tennessee,Tipton,8103.616227790806
279,Florida,Walton,263.92783463456726
783,Michigan,Kalamazoo,1981.3076993854306
1822,Virginia,Amherst,313.10664716340943
1304,Ohio,Vinton,4985.628911074409
1088,Nebraska,Rock,22.295474722956442
899,Mississippi,Washington,-35.83518971676449
700,Louisiana,Lafayette,5396.87397825273
98,Arkansas,Cross,2850.1332099285178
943,Missouri,Greene,2061.677646087674
1021,Nebraska,Boyd,422.6746798945637
1636,Texas,Hood,2091.1974485276337
1905,Virginia,Spotsylvania,120.31746744221118
1668,Texas,Lee,120.43828413192114
1779,Utah,Beaver,1598.463682188025
91,Arkansas,Cleburne,-11.196278702519976
183,Colorado,Jackson,221.21986804967992
1682,Texas,Matagorda,1033.3454670605174
518,Illinois,Jefferson,-591.1853082891464
1065,Nebraska,Keya Paha,1327.504910562678
458,Idaho,Elmore,773.6339759009857
627,Iowa,Jefferson,753.3144309824597
467,Idaho,Lemhi,-83.69412527976465
1837,Virginia,Charlotte,27.197840435472244
1339,Oklahoma,Harmon,174.83361089234268
193,Colorado,Mesa,3964.5641278477538
1752,Texas,Trinity,-26.509510765356254
1534,Texas,Austin,379.07129287703447
1050,Nebraska,Gosper,-90.38761690114006
1379,Oklahoma,Texas,379.8244456848006
163,Colorado,Cheyenne,285.33651052421556
1104,Nebraska,Webster,3014.2274103958184
1443,Tennessee,Cheatham,275.87970274399686
982,Missouri,Pemiscot,-190.70914266989985
884,Mississippi,Rankin,-550.565450325776
1234,Ohio,Clark,2374.8134045551283
179,Colorado,Grand,-782.2209614494739
1325,Oklahoma,Coal,845.9214235436175
1097,Nebraska,Stanton,1028.4935759171321
871,Mississippi,Monroe,1514.6578552481674
984,Missouri,Pettis,11828.65322447509
1922,New Hampshire,Grafton,-7.726219496622889
1633,Texas,Hidalgo,298.60802065149574
182,Colorado,Huerfano,664.2052432552659
1640,Texas,Hudspeth,382.1462236527336
1431,South Carolina,Williamsburg,2768.3261350984526
1435,Tennessee,Benton,840.1861612687094
892,Mississippi,Tate,241.21804763699356
1358,Oklahoma,McIntosh,254.30238457189944
742,Massachusetts,Norfolk,3852.1697126552667
1745,Texas,Taylor,30.815912627355374
670,Iowa,Winnebago,588.6794467579025
792,Michigan,Luce,2184.128643437554
834,Mississippi,Chickasaw,-39.156326928161434
56,Alabama,Shelby,171.93713152611508
1098,Nebraska,Thayer,905.3366227106853
1113,Nevada,Eureka,-475.2331617339248
1321,Oklahoma,Cherokee,-467.33897160131687
302,Georgia,Carroll,-225.8390641959836
1422,South Carolina,Newberry,26215.740579736383
731,Maine,Lincoln,2675.038562972996
1168,North Carolina,Hertford,637.8492586863204
1799,Utah,Sevier,-151.02836769268038
911,Missouri,Barton,-43.53967872583212
1429,South Carolina,Sumter,2303.4297004828263
1908,Virginia,Surry,455.04102130659703
750,Michigan,Arenac,1162.9375689245367
1708,Texas,Parker,2213.5291176628766
819,Michigan,Schoolcraft,139.31616270734003
1711,Texas,Polk,4390.9744635024235
1459,Tennessee,Giles,34.24662154451971
1309,Ohio,Wood,758.0987383450429
958,Missouri,Lafayette,-163.3897534620828
1791,Utah,Kane,1449.1968520605274
1774,Texas,Wood,1541.5937653900714
1409,South Carolina,Greenville,2223.0278190033755
502,Illinois,Effingham,616.2803376358975
1212,North Carolina,Union,476.78255652386906
194,Colorado,Mineral,1679.2665974095303
1270,Ohio,Lucas,481.0084091966696
1871,Virginia,Loudoun,3560.8553080366123
128,Arkansas,Montgomery,4252.584744919743
1811,Vermont,Essex,130.56261988495407
1512,Tennessee,Stewart,-45.159928914043576
16,Alabama,Colbert,3043.289552725337
265,Florida,Palm Beach,647.4729103082709
1398,South Carolina,Chester,-38.29348557781077
66,Arizona,Cochise,571.681132904434
770,Michigan,Gladwin,555.0211031428985
811,Michigan,Osceola,155.83857395600444
1505,Tennessee,Robertson,65.29356370160622
297,Georgia,Burke,-111.79608699593655
1282,Ohio,Muskingum,153.76420643940264
1885,Virginia,Nottoway,6.454948633772801
952,Missouri,Jackson,1083.4801240110532
533,Illinois,Marion,356.65297439640744
542,Illinois,Monroe,606.0544737177556
74,Arizona,Navajo,804.7276564910308
1910,Virginia,Tazewell,450.4403482554899
808,Michigan,Oceana,650.3963785737733
702,Louisiana,Lincoln,650.9379795094696
1423,South Carolina,Oconee,4688.916838560843
1100,Nebraska,Thurston,512.6368672608905
374,Georgia,Madison,552.0907803876858
353,Georgia,Heard,18077.617392302374
205,Colorado,Pueblo,1075.5461340513975
1142,North Carolina,Chatham,352.5584880840138
666,Iowa,Warren,163.0682788054778
186,Colorado,Kit Carson,836.8400620261505
130,Arkansas,Newton,18993.06200450421
204,Colorado,Prowers,971.3542584388797
1411,South Carolina,Hampton,14598.275242528576
99,Arkansas,Dallas,-439.499006411575
1018,Nebraska,Blaine,2385.4485385921294
1296,Ohio,Seneca,34839.47141151706
1565,Texas,Clay,795.8975028314012
1080,Nebraska,Pawnee,522.5661999529643
653,Iowa,Pottawattamie,678.4886233147067
830,Mississippi,Benton,-163.67669047043114
718,Louisiana,Union,1224.6731601297306
914,Missouri,Bollinger,306.1478670063966
11,Alabama,Choctaw,964.69659449561
1336,Oklahoma,Grady,2061.545326513224
1756,Texas,Uvalde,283.9747942564413
411,Georgia,Tattnall,27580.584760755977
127,Arkansas,Monroe,-53.51543715819116
696,Louisiana,Iberia,213.66387447149054
13,Alabama,Clay,366.7678122339371
1494,Tennessee,Montgomery,160.68437383595028
510,Illinois,Hamilton,286.8720899451032
1054,Nebraska,Hamilton,543.060311558238
1849,Virginia,Fluvanna,678.0421314626747
732,Maine,Oxford,1317.6108849708457
1650,Texas,Jim Wells,745.9118801000354
1236,Ohio,Clinton,7623.0727153038515
993,Missouri,Ray,3603.791172624145
1040,Nebraska,Dodge,3544.414548491792
635,Iowa,Lucas,3459.599869306409
816,Michigan,Roscommon,-577.2183664942122
1248,Ohio,Fulton,1797.5580976918523
1421,South Carolina,McCormick,51.43399334163041
1334,Oklahoma,Garfield,445.08250074907164
1655,Texas,Kendall,-412.53190057183406
673,Iowa,Worth,529.4083797393373
1440,Tennessee,Cannon,796.9035293398715
1484,Tennessee,Loudon,4572.401655316093
734,Maine,Waldo,903.4242634394745
1936,New York,Monroe,7453.866813826291
1121,Nevada,Storey,-4.99351427150259
944,Missouri,Grundy,-191.7574927794726
1589,Texas,Dickens,-176.17005682719946
1801,Utah,Tooele,572.6151129796067
607,Iowa,Dubuque,1724.0887242670278
1551,Texas,Brown,10728.142059632944
239,Florida,Hamilton,171.4254576746266
1288,Ohio,Pike,530.8207510295533
693,Louisiana,Evangeline,-488.49774069598993
992,Missouri,Randolph,3689.654455708863
1461,Tennessee,Greene,44.61876853051672
1446,Tennessee,Clay,1209.9519125931006
895,Mississippi,Tunica,273.9921663725777
1438,Tennessee,Bradley,710.2399778467566
209,Colorado,Saguache,1138.6251389102863
1462,Tennessee,Grundy,256.9973806791786
826,Mississippi,Adams,8727.106490545415
22,Alabama,Dale,132.94065873027466
1464,Tennessee,Hamilton,949.785090249618
1101,Nebraska,Valley,1460.8405701910806
314,Georgia,Coffee,2283.8610815198667
328,Georgia,Early,1164.6914193225734
1293,Ohio,Ross,550.6719627472535
1387,South Carolina,Abbeville,395.77221312424035
1521,Tennessee,Washington,13438.216906995345
1380,Oklahoma,Tillman,457.67282464919845
221,Florida,Bradford,1197.8187859030645
874,Mississippi,Newton,231.64248572617453
762,Michigan,Clare,2246.909212626108
261,Florida,Nassau,2755.0838511403713
82,Arkansas,Baxter,471.31723772572104
1383,Oklahoma,Washington,-975.9725065134098
1184,North Carolina,Montgomery,1708.4559421996687
439,Idaho,Ada,6555.640444528664
233,Florida,Flagler,1608.3212694297467
1061,Nebraska,Jefferson,46570.69494391005
767,Michigan,Eaton,5513.9332913919825
1815,Vermont,Rutland,536.4233985947262
1033,Nebraska,Cuming,2339.9819191578686
1718,Texas,Red River,18488.62173197982
1698,Texas,Nacogdoches,37.57951432377649
441,Idaho,Bannock,1984.2122848734443
1138,North Carolina,Camden,690.4377887299565
415,Georgia,Thomas,114.14157133561548
1833,Virginia,Campbell,173.42685388580503
188,Colorado,La Plata,244.95765898741502
825,Michigan,Wexford,1274.3594553752837
832,Mississippi,Calhoun,233.92767599882745
28,Alabama,Franklin,745.7970141505712
1759,Texas,Victoria,1001.8716219317657
86,Arkansas,Calhoun,704.3778422062292
1291,Ohio,Putnam,6432.145247738386
1862,Virginia,Henry,549.4014512894523
29,Alabama,Geneva,-345.8603970891172
1928,New York,Albany,-481.76711486005115
1171,North Carolina,Iredell,149.3270659049158
605,Iowa,Des Moines,5364.599819861727
1433,Tennessee,Anderson,-85.13051153102174
492,Illinois,Christian,521.4939125039314
813,Michigan,Otsego,906.1607123430708
262,Florida,Okeechobee,291.5013226225565
1439,Tennessee,Campbell,-207.3172675054118
1418,South Carolina,Lexington,661.0769434366621
1921,New Hampshire,Coos,413.4239276915432
511,Illinois,Hancock,2826.6374409287205
1646,Texas,Jasper,683.2528072018004
754,Michigan,Benzie,-232.94786354741336
334,Georgia,Fannin,2445.8607510359566
1150,North Carolina,Dare,526.1242467426523
864,Mississippi,Lee,638.3103321825938
1298,Ohio,Stark,263.48228759098174
76,Arizona,Pinal,-35.98436554870659
818,Michigan,Sanilac,4277.483646695009
285,Georgia,Baldwin,-26.389221981286937
271,Florida,Sarasota,1785.6383138319165
1316,Oklahoma,Blaine,744.042595201242
1536,Texas,Bandera,6195.001385582211
1629,Texas,Haskell,468.5080111276461
264,Florida,Osceola,210.99662618759794
588,Iowa,Butler,1161.4942996785853
1662,Texas,Kleberg,-182.96770407259032
630,Iowa,Keokuk,1179.9633172845556
41,Alabama,Lowndes,2665.8746968334503
1896,Virginia,Richmond,11525.61921279674
7,Alabama,Calhoun,153.905508289487
270,Florida,Santa Rosa,1043.5600077172471
1742,Texas,Sutton,97.78763571563877
1016,Nebraska,Arthur,6193.258028081942
1406,South Carolina,Fairfield,1825.6685088918757
1913,Virginia,Washington,7975.243690820003
399,Georgia,Randolph,-371.8483266453827
1631,Texas,Hemphill,617.4872691395817
778,Michigan,Ionia,8606.86997334287
997,Missouri,Schuyler,15841.734865596947
1495,Tennessee,Moore,3261.8578784529996
369,Georgia,Lincoln,569.9900212188422
1175,North Carolina,Lee,2238.1359433569473
483,Illinois,Alexander,855.6745952224942
377,Georgia,McIntosh,249.7640954992512
1761,Texas,Waller,372.56939428299347
1556,Texas,Callahan,-523.0624134294362
1740,Texas,Sterling,27703.809211904132
407,Georgia,Stewart,7866.68442828094
15,Alabama,Coffee,914.2830525571003
1483,Tennessee,Lincoln,154.78978209830393
873,Mississippi,Neshoba,696.5793481512169
470,Idaho,Madison,-682.5621229059216
1465,Tennessee,Hancock,8862.797830578398
525,Illinois,Lake,1359.3236241210593
152,Arkansas,Woodruff,1261.9184637288959
432,Georgia,Wheeler,-336.0278662111018
1545,Texas,Bowie,748.2150705474842
1625,Texas,Hardin,528.8175985015523
42,Alabama,Macon,7555.868910459038
960,Missouri,Lewis,1368.7445326572947
851,Mississippi,Humphreys,-126.779161231751
1608,Texas,Frio,885.4379247017928
448,Idaho,Bonneville,2324.5948873018174
1513,Tennessee,Sullivan,118.79794662117774
1094,Nebraska,Sheridan,753.6939128873396
1259,Ohio,Hocking,-320.86829907248534
480,Idaho,Valley,10211.145290479713
1185,North Carolina,Moore,3207.0578530007665
1873,Virginia,Lunenburg,-99.60390375059433
216,Colorado,Weld,-108.36327713792593
784,Michigan,Kalkaska,1341.6655617292363
803,Michigan,Montcalm,1007.2000485735675
531,Illinois,Macoupin,3971.7443760920655
1381,Oklahoma,Tulsa,2359.831648829107
324,Georgia,Dodge,2198.33353099421
351,Georgia,Harris,1022.4440676963045
1892,Virginia,Prince George,661.7630268023627
828,Mississippi,Amite,1198.3311672004688
636,Iowa,Lyon,191.87825520841898
789,Michigan,Leelanau,200.82475958127134
1530,Texas,Aransas,186.97664647915553
988,Missouri,Polk,101.35740888768532
1144,North Carolina,Chowan,-588.2298126363364
111,Arkansas,Independence,-197.11201150599322
94,Arkansas,Conway,1059.0818993271373
1784,Utah,Davis,474.99286175065754
755,Michigan,Berrien,764.9498368394588
1527,Texas,Anderson,3.05232139849295
77,Arizona,Santa Cruz,7727.365566398348
972,Missouri,Moniteau,409.42249877745826
161,Colorado,Broomfield,98.41254877444999
1804,Utah,Wasatch,74.19780305891754
333,Georgia,Evans,-199.99842314153193
363,Georgia,Jones,242.56118012304978
312,Georgia,Clinch,1763.0301846416264
1117,Nevada,Lyon,712.4279246931405
1035,Nebraska,Dakota,247.69537297992292
1342,Oklahoma,Hughes,332.30122293953946
1357,Oklahoma,McCurtain,-375.110269034029
1667,Texas,La Salle,412.31532877495056
801,Michigan,Missaukee,1768.339678235246
1267,Ohio,Licking,7702.759967735556
349,Georgia,Hancock,731.3829525788283
1504,Tennessee,Roane,17249.91363379068
1753,Texas,Tyler,48.53164161113773
1257,Ohio,Henry,969.9458263461033
382,Georgia,Montgomery,499.7430303607348
1891,Virginia,Prince Edward,629.9767274133578
765,Michigan,Delta,2072.0675027782313
115,Arkansas,Johnson,2029.4696909424983
1161,North Carolina,Granville,1994.133620504364
931,Missouri,Cole,123910.44219954983
390,Georgia,Peach,-571.5259784119589
1140,North Carolina,Caswell,435.79314290497496
1767,Texas,Wichita,-58.523680471664875
201,Colorado,Park,416.19506835874563
1328,Oklahoma,Craig,1216.5307186647792
235,Florida,Gadsden,990.4583255779521
506,Illinois,Fulton,8729.830647859755
249,Florida,Lafayette,2450.614197495994
32,Alabama,Henry,501.32487198785975
1851,Virginia,Frederick,269.1265733553464
1414,South Carolina,Kershaw,1787.33173446738
167,Colorado,Crowley,1478.1280811989268
1086,Nebraska,Red Willow,1315.9878141080071
961,Missouri,Lincoln,4333.516495845692
405,Georgia,Spalding,2876.603664469964
1166,North Carolina,Haywood,-272.50013693468327
975,Missouri,Morgan,191.01498621992278
1798,Utah,Sanpete,397.9847020398238
707,Louisiana,Orleans,2512.373139583427
1219,North Carolina,Wilkes,8600.330869438803
691,Louisiana,East Carroll,3275.7901022953924
1931,New York,Clinton,1859.8803895783935
743,Massachusetts,Plymouth,918.5871752071744
843,Mississippi,Franklin,510.7589287403889
359,Georgia,Jeff Davis,662.2141520778355
552,Illinois,Pulaski,1224.6147988434072
1528,Texas,Andrews,56082.64882153505
1538,Texas,Baylor,-24.951456811262233
1397,South Carolina,Cherokee,71.75465271507119
1442,Tennessee,Carter,56.4379737821173
929,Missouri,Clay,1946.1399906589409
712,Louisiana,Red River,-272.27253754108824
450,Idaho,Butte,539.3282829532504
615,Iowa,Guthrie,12214.912233220446
1237,Ohio,Columbiana,-144.07764048303034
538,Illinois,McHenry,1217.6294242986382
917,Missouri,Butler,1865.764725415338
1283,Ohio,Noble,1583.775850039624
311,Georgia,Clayton,1178.22284889194
978,Missouri,Nodaway,4802.713645593643
149,Arkansas,Van Buren,-499.75719783107184
305,Georgia,Chatham,2908.9577659091524
1898,Virginia,Rockbridge,285.667403103364
587,Iowa,Buena Vista,-577.8028274129751
319,Georgia,Crawford,4391.342646648458
1099,Nebraska,Thomas,2011.750512217944
495,Illinois,Clinton,991.6463063001975
252,Florida,Leon,2447.9024356007726
37,Alabama,Lauderdale,544.2646703285022
402,Georgia,Schley,-5.311170815931291
592,Iowa,Cedar,868.4743430792046
300,Georgia,Camden,1366.661400520226
1343,Oklahoma,Jackson,1302.3790224235204
1720,Texas,Refugio,6568.526978395652
1899,Virginia,Rockingham,14240.608248951268
1174,North Carolina,Jones,628.168362350275
1134,North Carolina,Buncombe,245.64773874583761
618,Iowa,Hardin,350.82889309732036
1612,Texas,Glasscock,830.4710976854612
1306,Ohio,Washington,6641.105471171046
1077,Nebraska,Nemaha,4030.7736018588043
1416,South Carolina,Laurens,34.82233982238267
763,Michigan,Clinton,337.9753658689842
529,Illinois,Logan,1069.161989619393
1141,North Carolina,Catawba,14784.059977566765
1850,Virginia,Franklin,11753.425738873704
1644,Texas,Jack,669.134681757851
1543,Texas,Borden,764.3056806766726
63,Alabama,Wilcox,1555.3973386097587
1349,Oklahoma,Latimer,214.74220736979032
1060,Nebraska,Howard,-4.2282929454122495
44,Alabama,Marengo,1472.8223147458266
1572,Texas,Comal,882.9117938225818
281,Georgia,Appling,1071.2002883749547
1578,Texas,Crane,7334.131249376822
1890,Virginia,Powhatan,361.72140905783544
1405,South Carolina,Edgefield,2790.434901578165
508,Illinois,Greene,1299.8274117920282
0,Alabama,Autauga,94.62412450485635
1754,Texas,Upshur,1432.8109063591587
536,Illinois,Massac,24439.063020279402
523,Illinois,Kendall,357.34177181090854
1009,Missouri,Washington,108.51046005161697
1057,Nebraska,Hitchcock,2826.783362422943
81,Arkansas,Ashley,3612.462311774871
1700,Texas,Newton,427.71548355462573
170,Colorado,Denver,5870.08524535831
737,Massachusetts,Barnstable,397.7743501212335
1023,Nebraska,Buffalo,1313.3949481230434
781,Michigan,Isabella,924.7319520530577
1780,Utah,Box Elder,1322.2443283750458
1188,North Carolina,Northampton,421.8317890288931
1400,South Carolina,Clarendon,1023.4289929315569
1164,North Carolina,Halifax,1660.1818935921247
350,Georgia,Haralson,80.4526396133574
1073,Nebraska,McPherson,-330.21417411208927
1264,Ohio,Knox,1441.201942556239
166,Colorado,Costilla,-5.939443907289842
1241,Ohio,Darke,844.9683954019656
1396,South Carolina,Charleston,2867.2643766534743
1198,North Carolina,Randolph,6628.613967519395
416,Georgia,Tift,542.857970725408
1365,Oklahoma,Okmulgee,2252.501131291196
1939,New York,Suffolk,209.47047478128115
1581,Texas,Culberson,1769.465450152145
1458,Tennessee,Gibson,-616.7776947573157
280,Florida,Washington,1995.1685314019942
1594,Texas,Ector,322.8860271862982
1842,Virginia,Cumberland,628.5349549633688
1696,Texas,Morris,1283.69550204721
1918,New Hampshire,Belknap,2277.896572785037
800,Michigan,Midland,238.98979990969838
247,Florida,Jackson,-301.28125598356246
1549,Texas,Briscoe,2075.7928982302524
1690,Texas,Milam,1266.9782333300086
1147,North Carolina,Columbus,1123.0106510170376
1579,Texas,Crockett,3007.820764710105
756,Michigan,Branch,2232.213086424305
1326,Oklahoma,Comanche,-169.98384625622657
613,Iowa,Greene,278.4353039640523
1048,Nebraska,Garden,-800.6388893835001
124,Arkansas,Marion,-584.2124258885253
1884,Virginia,Northumberland,184.21520418722912
1276,Ohio,Mercer,3584.713385326037
1450,Tennessee,Cumberland,8232.44565133857
143,Arkansas,Searcy,155.14698817972248
1717,Texas,Real,3635.151950925529
421,Georgia,Turner,1169.3140512150244
1265,Ohio,Lake,1088.3432452437187
365,Georgia,Lanier,181.32714145579166
1697,Texas,Motley,2003.8970698188923
985,Missouri,Phelps,101.28638073130514
1592,Texas,Duval,11627.533251091796
663,Iowa,Union,170.63574987483162
240,Florida,Hardee,5645.884439634518
1103,Nebraska,Wayne,1087.0361430819116
108,Arkansas,Hempstead,801.261976955117
276,Florida,Union,2141.899000226386
798,Michigan,Mecosta,2033.0714957109954
275,Florida,Taylor,260.228307495443
773,Michigan,Gratiot,-372.5730073595
53,Alabama,Pike,3450.47133765436
1531,Texas,Archer,3417.8076990957356
295,Georgia,Bryan,-3533.1597289452206
1371,Oklahoma,Pontotoc,27.076404412450756
256,Florida,Manatee,317.37756983792406
1768,Texas,Wilbarger,620.2448307990535
600,Iowa,Crawford,1777.8377701695963
987,Missouri,Platte,902.8696093294625
647,Iowa,Osceola,135.0989196282403
1902,Virginia,Shenandoah,715.4152472203027
897,Mississippi,Walthall,1237.9802915330797
1238,Ohio,Coshocton,-351.8960406499941
1232,Ohio,Carroll,100.97441071557023
1449,Tennessee,Crockett,883.2962290220444
1525,Tennessee,Williamson,86.51723351222518
719,Louisiana,Vermilion,456.6412653932207
1800,Utah,Summit,1523.3169798294002
1548,Texas,Brewster,3744.424061858043
1256,Ohio,Harrison,1739.4149214694894
1370,Oklahoma,Pittsburg,199.70783029260065
126,Arkansas,Mississippi,546.9163218106482
257,Florida,Marion,1744.8733139271822
1183,North Carolina,Mitchell,-215.52103900527368
611,Iowa,Franklin,3326.43572799802
1605,Texas,Fort Bend,1436.6809353981848
395,Georgia,Pulaski,2075.422723204681
1735,Texas,Sherman,8536.203458447528
1732,Texas,Scurry,2976.7467668180066
1569,Texas,Collin,-264.5736658144792
1011,Missouri,Webster,-113.43390830569956
933,Missouri,Crawford,-273.5226529623526
1182,North Carolina,Mecklenburg,316.293372677826
1255,Ohio,Hardin,11008.185810505634
614,Iowa,Grundy,786.1311299203558
165,Colorado,Conejos,253.12930238676608
575,Illinois,Winnebago,-403.56037912057036
1611,Texas,Gillespie,7356.469457348541
676,Louisiana,Allen,637.7691008000925
304,Georgia,Charlton,-7.265836749830214
1448,Tennessee,Coffee,-200.6277394233498
1047,Nebraska,Gage,919.754996314337
1563,Texas,Cherokee,1704.076845449927
367,Georgia,Lee,4599.663355818851
1151,North Carolina,Davidson,-283.0456201391221
309,Georgia,Clarke,40.42516765140181
1496,Tennessee,Morgan,43461.63435518943
299,Georgia,Calhoun,172.12320102620606
340,Georgia,Gilmer,3353.757568382593
674,Iowa,Wright,761.7968343142911
1394,South Carolina,Berkeley,1851.607334273935
1684,Texas,McCulloch,482.36927319669303
906,Missouri,Adair,-1327.1758052110172
1143,North Carolina,Cherokee,3728.386144209932
794,Michigan,Macomb,390.50942146949
1844,Virginia,Dinwiddie,-400.68479558071795
1591,Texas,Donley,10677.482907438327
1570,Texas,Collingsworth,1135.0480338439856
424,Georgia,Upson,6891.243133598098
753,Michigan,Bay,1015.0722270727188
1924,New Hampshire,Merrimack,10291.403270190745
551,Illinois,Pope,397.60636080257837
1894,Virginia,Pulaski,-407.64392070502845
597,Iowa,Clay,954.604370510961
1093,Nebraska,Seward,851.1175706466461
1845,Virginia,Essex,-236.95166413273182
242,Florida,Hernando,1848.7445508773244
1105,Nebraska,Wheeler,4684.331461595497
1681,Texas,Mason,1241.8543410208354
1660,Texas,King,-80.21571473567997
586,Iowa,Buchanan,172.10480101646908
1095,Nebraska,Sherman,2317.720676298841
1013,Missouri,Wright,794.0713991119487
446,Idaho,Boise,1495.7954218975192
868,Mississippi,Madison,832.5402788149827
1503,Tennessee,Rhea,1111.1468431572648
1006,Missouri,Texas,588.6358361036059
967,Missouri,Marion,-552.8577830097265
303,Georgia,Catoosa,494.9179724969349
100,Arkansas,Desha,-718.4192505257888
649,Iowa,Palo Alto,4966.149247177485
1843,Virginia,Dickenson,10002.979983456984
344,Georgia,Grady,1093.0350422708607
1785,Utah,Duchesne,1615.8543257851093
1096,Nebraska,Sioux,-248.83447192830408
957,Missouri,LaClede,596.118239870782
571,Illinois,White,155.34121010049103
26,Alabama,Etowah,2661.8411776869457
1363,Oklahoma,Okfuskee,19560.972472732225
1734,Texas,Shelby,775.6742673156855
1695,Texas,Moore,-64.49462454255377
1820,Virginia,Alleghany,108.75053316827189
1471,Tennessee,Henry,207.253092856894
720,Louisiana,Vernon,353.9408538064804
1390,South Carolina,Anderson,782.622492872048
1337,Oklahoma,Grant,153.52423422577567
595,Iowa,Chickasaw,11346.971259818827
1709,Texas,Parmer,261.7013505033233
1322,Oklahoma,Choctaw,1994.8154887643464
1901,Virginia,Scott,8539.336975466897
1268,Ohio,Logan,569.9336045388277
33,Alabama,Houston,51049.21039323142
577,Iowa,Adair,-411.0145744240731
883,Mississippi,Quitman,-382.2370459490526
234,Florida,Franklin,687.1204142265447
622,Iowa,Humboldt,34571.4492081933
1576,Texas,Coryell,573.3111708730703
151,Arkansas,White,-168.11186698243773
1199,North Carolina,Richmond,-146.96180891723816
358,Georgia,Jasper,303.56630920332145
1407,South Carolina,Florence,1688.5205376316999
515,Illinois,Iroquois,2266.6665605760413
177,Colorado,Garfield,12666.55337788674
420,Georgia,Troup,-3.4261664302043755
337,Georgia,Forsyth,14816.017815080118
1118,Nevada,Mineral,189.5514914917144
1705,Texas,Orange,33675.57942247973
1329,Oklahoma,Creek,848.4822182870375
593,Iowa,Cerro Gordo,930.4222039574147
389,Georgia,Paulding,-318.75435693837835
298,Georgia,Butts,-292.81528726025135
945,Missouri,Harrison,3587.916559777768
990,Missouri,Putnam,-262.11663271366047
1331,Oklahoma,Delaware,52.216337502442
741,Massachusetts,Nantucket,5166.2641636306635
85,Arkansas,Bradley,1007.0077527097346
847,Mississippi,Hancock,866.9632475253588
564,Illinois,Tazewell,620.2840704471537
797,Michigan,Mason,3615.0718427242778
1609,Texas,Gaines,4.911334830335363
200,Colorado,Ouray,261.3836191100063
795,Michigan,Manistee,1424.3400566029482
1886,Virginia,Orange,1522.4635996484099
1085,Nebraska,Polk,921.7092878913468
1854,Virginia,Goochland,-115.41603202935903
1881,Virginia,Newport News,1513.1341413607356
1043,Nebraska,Fillmore,386.826531946253
942,Missouri,Gentry,1496.8114783873689
1087,Nebraska,Richardson,247.9044921339805
259,Florida,Miami-Dade,-10.749860124210954
841,Mississippi,Covington,-22.509966438503852
1295,Ohio,Scioto,2679.3178648234693
1758,Texas,Van Zandt,198.432537585491
1230,Ohio,Brown,8384.505839398504
710,Louisiana,Pointe Coupee,355.0352915558883
638,Iowa,Mahaska,707.5694595485834
617,Iowa,Hancock,215.44960579736107
1034,Nebraska,Custer,1479.22492267498
97,Arkansas,Crittenden,195.31799789741672
505,Illinois,Franklin,67.13796376482787
1123,Nevada,White Pine,811.1058443511706
1251,Ohio,Greene,4534.763530888489
1090,Nebraska,Sarpy,1182.0403076589278
680,Louisiana,Beauregard,517.4218911545458
1485,Tennessee,Macon,-111.7719538586357
1654,Texas,Kaufman,729.3217288627106
1803,Utah,Utah,735.1623582540383
284,Georgia,Baker,4.726824806872173
330,Georgia,Effingham,129.09935660094334
916,Missouri,Buchanan,1123.4451556634199
827,Mississippi,Alcorn,-278.39229854624955
766,Michigan,Dickinson,1946.5997305311007
652,Iowa,Polk,2503.887708487731
1351,Oklahoma,Logan,416.0926296492298
1064,Nebraska,Keith,512.5199706031703
1487,Tennessee,Marion,387.0834627747554
563,Illinois,Stephenson,-116.99250934522752
129,Arkansas,Nevada,-228.55520182884084
435,Georgia,Wilcox,-12.06495766546368
1617,Texas,Gregg,484.2645106936475
1935,New York,Jefferson,5384.696517006716
104,Arkansas,Fulton,3154.8160682964667
1509,Tennessee,Sevier,423.3254961735761
219,Florida,Baker,2523.982921710945
1252,Ohio,Guernsey,1055.1506389111705
640,Iowa,Marshall,4877.031996997142
665,Iowa,Wapello,1014.6388879774272
1437,Tennessee,Blount,-137.86235413086956
366,Georgia,Laurens,-48.18031110294942
35,Alabama,Jefferson,1250.3989810897629
1757,Texas,Val Verde,621.1869939754283
320,Georgia,Crisp,2651.2765140251527
1789,Utah,Iron,2445.5707489096626
1389,South Carolina,Allendale,317.5426105265592
910,Missouri,Barry,-315.9719535804056
250,Florida,Lake,859.8233862345055
220,Florida,Bay,43520.04039030969
339,Georgia,Fulton,1453.5459935230942
657,Iowa,Scott,325.52550791028443
555,Illinois,Richland,1924.2767137178112
708,Louisiana,Ouachita,2397.0030837774607
500,Illinois,Edgar,1264.9987642656974
667,Iowa,Washington,641.5297801431275
1455,Tennessee,Fayette,3988.187221354882
1575,Texas,Cooke,508.63232596877015
1218,North Carolina,Wayne,263.9891258294624
527,Illinois,Lee,565.788869223607
1369,Oklahoma,Payne,402.70449182885704
539,Illinois,McLean,2060.4011657368615
829,Mississippi,Attala,32135.71513933663
1823,Virginia,Appomattox,179.32406063282815
526,Illinois,Lawrence,713.5676817172894
24,Alabama,Elmore,437.3703651830642
1075,Nebraska,Morrill,-373.929704677274
1869,Virginia,Lancaster,410.39707428424344
1808,Vermont,Addison,496.1028660815705
591,Iowa,Cass,590.734680403104
95,Arkansas,Craighead,-392.4154725446949
1153,North Carolina,Duplin,4293.400936973276
1302,Ohio,Union,-323.1014827676697
293,Georgia,Brantley,3032.3252791262516
1233,Ohio,Champaign,1878.6002560516235
1314,Oklahoma,Beaver,391.94249284023954
1350,Oklahoma,Lincoln,144.85463886414254
1385,Oklahoma,Woods,1401.5599914944255
120,Arkansas,Little River,486.50089166740236
1377,Oklahoma,Sequoyah,-5.076101616964024
1859,Virginia,Hampton,1025.033217591164
980,Missouri,Osage,992.1723234792321
744,Massachusetts,Worcester,300.0609254579854
1610,Texas,Garza,8596.356780248992
241,Florida,Hendry,2896.6100977428073
1177,North Carolina,Lincoln,-77.69946420413862
629,Iowa,Jones,-347.78239036236437
1533,Texas,Atascosa,1487.4755057834818
1879,Virginia,Nelson,673.8059680815481
1778,Texas,Zavala,1746.0925605544994
1207,North Carolina,Stokes,-346.378453678926
1897,Virginia,Roanoke,289.48213717656154
512,Illinois,Hardin,3255.167703758933
1152,North Carolina,Davie,338.3893920789865
709,Louisiana,Plaquemines,3348.3074286694023
1078,Nebraska,Nuckolls,50.44479056607179
1216,North Carolina,Washington,-178.41047848213907
499,Illinois,Douglas,-64.5721184485219
1488,Tennessee,Marshall,5804.5807173477715
1122,Nevada,Washoe,1799.7362451496324
890,Mississippi,Sunflower,787.2390974481582
45,Alabama,Marion,584.6067682113144
738,Massachusetts,Essex,1297.546144777879
1777,Texas,Zapata,627.0673442612806
804,Michigan,Montmorency,447.31630558162124
187,Colorado,Lake,-258.9415552137525
1069,Nebraska,Lincoln,480.4252588748345
146,Arkansas,Sharp,1634.7845883345076
190,Colorado,Las Animas,389.2051595585808
456,Idaho,Clearwater,1407.6126751861057
496,Illinois,Coles,1544.8844250881111
268,Florida,Polk,839.3002433635024
141,Arkansas,Saline,1265.2402874309096
460,Idaho,Fremont,2431.125264170472
138,Arkansas,Prairie,1142.5258922056587
1127,North Carolina,Anson,548.1968315313156
1024,Nebraska,Burt,1427.7444524235566
1348,Oklahoma,Kiowa,1430.284189827466
4,Alabama,Blount,1537.3934851753766
545,Illinois,Moultrie,496.3502005479236
1868,Virginia,King William,497.239046480282
537,Illinois,McDonough,10351.234309850246
1111,Nevada,Elko,3.870525495447964
644,Iowa,Monroe,41545.73977770352
751,Michigan,Baraga,985.1651184622847
1039,Nebraska,Dixon,28444.430601404063
1452,Tennessee,Decatur,3584.1734048515987
1202,North Carolina,Rowan,-244.676379854699
173,Colorado,Eagle,422.2436941096257
1428,South Carolina,Spartanburg,5862.5580163227005
236,Florida,Gilchrist,3261.097882105773
1041,Nebraska,Douglas,677.9289730842561
973,Missouri,Monroe,-112.93305850561956
1707,Texas,Panola,139.64522567526365
902,Mississippi,Wilkinson,8265.578349745274
557,Illinois,Saline,4465.756486997232
1678,Texas,Madison,37.51537304287285
996,Missouri,Saline,950.8008735623275
326,Georgia,Dougherty,1045.9075270399376
136,Arkansas,Polk,1293.9356341438893
711,Louisiana,Rapides,-409.2776260719711
569,Illinois,Washington,547.3895358074255
1130,North Carolina,Beaufort,-117.33015454415045
468,Idaho,Lewis,12741.15470454677
164,Colorado,Clear Creek,641.4361705769657
1840,Virginia,Craig,212.89035914846318
1693,Texas,Montague,172.6074359916588
294,Georgia,Brooks,-282.99433551080983
1165,North Carolina,Harnett,15775.689681735708
393,Georgia,Pike,-1038.6098081532086
703,Louisiana,Livingston,2537.0098641968048
656,Iowa,Sac,5195.077244074308
1541,Texas,Bexar,3406.3278339943777
1782,Utah,Carbon,6517.145970203463
1133,North Carolina,Brunswick,505.26028107720094
669,Iowa,Webster,214.13781392167311
716,Louisiana,Tensas,1134.0893514208633
118,Arkansas,Lee,696.5607419950575
192,Colorado,Logan,917.3387540264889
317,Georgia,Cook,1910.8273615343214
846,Mississippi,Grenada,770.6501481263081
1022,Nebraska,Brown,10931.135496619383
1715,Texas,Randall,3183.9851694148388
445,Idaho,Blaine,-404.1857959408353
608,Iowa,Emmet,391.1221427679916
103,Arkansas,Franklin,956.6257402602064
1929,New York,Bronx,3216.4604277683425
202,Colorado,Phillips,3184.9950603164293
90,Arkansas,Clay,59.977158892550506
301,Georgia,Candler,15229.458192354145
730,Maine,Knox,-32.79688713216319
1079,Nebraska,Otoe,787.578765125415
431,Georgia,Webster,1194.8595542389594
1497,Tennessee,Obion,19312.659229222605
907,Missouri,Andrew,504.9654395327166
1432,South Carolina,York,-174.78412964863446
1191,North Carolina,Pamlico,3110.219326543011
1760,Texas,Walker,11167.684411935157
1816,Vermont,Washington,9272.07460269498
477,Idaho,Shoshone,329.83110150447965
203,Colorado,Pitkin,-95.88446511570987
215,Colorado,Washington,7706.863506891164
642,Iowa,Mitchell,247.47216678945415
1566,Texas,Cochran,701.0932922374936
162,Colorado,Chaffee,1100.7290392462824
1506,Tennessee,Rutherford,15555.1761564248
1284,Ohio,Ottawa,621.1883889669166
1863,Virginia,Highland,2612.9703211528763
1638,Texas,Houston,3266.7785049961963
80,Arkansas,Arkansas,685.653575242734
675,Louisiana,Acadia,958.0833426703921
1108,Nevada,Churchill,1541.2977798950837
923,Missouri,Carter,1950.0645332800868
1081,Nebraska,Perkins,-182.996276282626
1305,Ohio,Warren,-187.65433740558728
1827,Virginia,Bedford,2780.8058557270056
516,Illinois,Jackson,467.9607141108813
1769,Texas,Willacy,-362.78661879365313
498,Illinois,Cumberland,4047.8995213153453
413,Georgia,Telfair,1514.759157597367
1560,Texas,Cass,56.895313163085575
1500,Tennessee,Pickett,915.2133642843546
921,Missouri,Cape Girardeau,8029.696102872944
554,Illinois,Randolph,-1821.6582364868405
72,Arizona,Maricopa,1052.540521288353
1627,Texas,Harrison,2716.7554847553197
1413,South Carolina,Jasper,153.37255800871026
370,Georgia,Long,-248.7067580167959
106,Arkansas,Grant,626.92705543073
23,Alabama,Dallas,89049.6315022886
842,Mississippi,Forrest,378.0452950797985
793,Michigan,Mackinac,84.80712830719176
1846,Virginia,Fairfax,260.8442165292113
927,Missouri,Christian,887.1789875113714
576,Illinois,Woodford,-399.02770824732215
624,Iowa,Iowa,1233.6956654376368
343,Georgia,Gordon,368.4073803579581
928,Missouri,Clark,-1.7558737708768604
1375,Oklahoma,Rogers,636.6512113485337
59,Alabama,Tallapoosa,1125.4594272974223
677,Louisiana,Ascension,3659.131858417523
594,Iowa,Cherokee,1216.3682438094697
565,Illinois,Union,2012.289550277123
532,Illinois,Madison,352.1071194526635
1481,Tennessee,Lawrence,43511.3438556716
1286,Ohio,Perry,1597.6438506732743
110,Arkansas,Howard,3870.554155818531
1395,South Carolina,Calhoun,431.4256375417385
637,Iowa,Madison,-613.8471455520894
123,Arkansas,Madison,64.19193574904102
1089,Nebraska,Saline,-129.42265515668214
1160,North Carolina,Graham,376.5632066661269
1653,Texas,Karnes,2084.0457039250555
768,Michigan,Emmet,863.5013287768174
1200,North Carolina,Robeson,2328.243548095136
968,Missouri,McDonald,181.0416887008796
1676,Texas,Lubbock,280.1587538174713
1303,Ohio,Van Wert,3651.6553593414997
859,Mississippi,Lafayette,163.30414606578142
1516,Tennessee,Trousdale,345.0782570380102
289,Georgia,Ben Hill,-221.08488621301922
1311,Oklahoma,Adair,3332.0307312849295
1674,Texas,Llano,293.3713496460082
1599,Texas,Falls,291.2970542956514
1692,Texas,Mitchell,1593.321992542743
1333,Oklahoma,Ellis,238.01260189514187
1499,Tennessee,Perry,18.232125362304487
375,Georgia,Marion,2098.216448440447
1332,Oklahoma,Dewey,480.13308743558355
1145,North Carolina,Clay,1088.2092740719104
891,Mississippi,Tallahatchie,874.4923289446556
1882,Virginia,Norfolk,519.8625489408273
1713,Texas,Presidio,742.0096607349174
315,Georgia,Colquitt,978.8407342448822
70,Arizona,Greenlee,3186.7951875943722
995,Missouri,Ripley,-362.61725144870707
318,Georgia,Coweta,233.8329798683926
1300,Ohio,Trumbull,203.8964790693908
1701,Texas,Nolan,1344.4418762936189
1372,Oklahoma,Pottawatomie,842.0374025857445
959,Missouri,Lawrence,42.322089840862645
668,Iowa,Wayne,1957.5251975533697
19,Alabama,Covington,868.2663734635939
88,Arkansas,Chicot,8264.864805834739
38,Alabama,Lawrence,195.02635628810367
854,Mississippi,Jackson,5892.297899355568
336,Georgia,Floyd,770.9437708851442
426,Georgia,Walton,295.9217171386026
404,Georgia,Seminole,2.009835059969646
1285,Ohio,Paulding,34.821732139876985
823,Michigan,Washtenaw,240.53815706597106
726,Louisiana,Winn,487.23333191150914
662,Iowa,Taylor,-465.9650376563477
443,Idaho,Benewah,1797.8476579867915
724,Louisiana,West Carroll,2076.254693625909
347,Georgia,Habersham,900.5144339527437
325,Georgia,Dooly,418.9634663049369
1228,Ohio,Auglaize,19161.850927475178
748,Michigan,Alpena,1386.17962514889
484,Illinois,Bond,4280.1492955470785
1703,Texas,Ochiltree,21612.65407386074
1865,Virginia,James City,123.13112270421561
52,Alabama,Pickens,-48.959966271254416
541,Illinois,Mercer,573.8511805354196
207,Colorado,Rio Grande,1336.9162284866975
584,Iowa,Boone,-311.0131504019903
882,Mississippi,Prentiss,2055.96912780275
1807,Utah,Weber,2771.994059195927
1120,Nevada,Pershing,-376.37746885229194
144,Arkansas,Sebastian,11081.389898830965
1451,Tennessee,Davidson,-658.9276864377218
514,Illinois,Henry,7076.292117154077
875,Mississippi,Noxubee,2417.745308473465
904,Mississippi,Yalobusha,460.8174717888437
1032,Nebraska,Colfax,-5.591010219846339
727,Maine,Cumberland,-145.3365757709753
1814,Vermont,Orange,458.83065862014246
876,Mississippi,Oktibbeha,570.5762561565134
1243,Ohio,Delaware,52.55848744384275
18,Alabama,Coosa,-295.3910261887727
1399,South Carolina,Chesterfield,494.372813876284
1826,Virginia,Bath,6.396659282465862
1712,Texas,Potter,-2.091374675662337
438,Georgia,Worth,344.73066321661554
1239,Ohio,Crawford,-424.45678068991674
417,Georgia,Toombs,1200.862998766724
574,Illinois,Williamson,1469.2103562245788
860,Mississippi,Lamar,1298.0361167014853
1031,Nebraska,Clay,2238.30112750955
1694,Texas,Montgomery,858.5657563204213
1468,Tennessee,Hawkins,-62.07514387522042
1386,Oklahoma,Woodward,145.9022562927994
1279,Ohio,Montgomery,278.3635335493882
1294,Ohio,Sandusky,1428.5553966791758
671,Iowa,Winneshiek,234.4839779073627
232,Florida,Escambia,2582.4738510772336
838,Mississippi,Clay,18307.422564082695
632,Iowa,Lee,1306.286548979971
1170,North Carolina,Hyde,571.7256305572541
119,Arkansas,Lincoln,5576.450536545244
616,Iowa,Hamilton,-128.55177843445063
1479,Tennessee,Lake,668.2502903532218
589,Iowa,Calhoun,112.76046889041345
1473,Tennessee,Houston,875.5060633843527
1307,Ohio,Wayne,1607.2320812989406
1289,Ohio,Portage,-375.7165893905451
78,Arizona,Yavapai,583.7644509109764
568,Illinois,Warren,2928.5732164752976
360,Georgia,Jefferson,-8.694301371173424
1453,Tennessee,Dickson,-68.0324221710955
1764,Texas,Webb,2978.281447700751
1038,Nebraska,Deuel,426.8284682900412
602,Iowa,Davis,1525.0591813651376
936,Missouri,Daviess,1398.7778254910932
1932,New York,Erie,1591.256738988563
112,Arkansas,Izard,12854.980556496901
49,Alabama,Montgomery,172.55062290110936
1082,Nebraska,Phelps,-75.43130760977647
659,Iowa,Sioux,1172.8712990973982
1737,Texas,Somervell,78.34402392224683
1217,North Carolina,Watauga,8641.049534098367
994,Missouri,Reynolds,2158.2467794757836
1731,Texas,Schleicher,4736.528625797317
1887,Virginia,Page,-212.9154975438098
1155,North Carolina,Edgecombe,13869.807562802991
1812,Vermont,Franklin,59.77635785589928
1663,Texas,Knox,1279.9626595576128
1359,Oklahoma,Murray,2682.912219826296
418,Georgia,Towns,694.8598352571694
969,Missouri,Mercer,1101.2310696851273
354,Georgia,Henry,8341.7056780423
1059,Nebraska,Hooker,74.51436926836323
866,Mississippi,Lincoln,195.9501942308857
1368,Oklahoma,Pawnee,4139.950651208654
1743,Texas,Swisher,4721.840868372274
255,Florida,Madison,65.5314208797713
1340,Oklahoma,Harper,7194.130603534188
338,Georgia,Franklin,5954.844297582531
775,Michigan,Houghton,7964.468250809028
1026,Nebraska,Cass,347.82822808182163
764,Michigan,Crawford,1575.9344186750395
464,Idaho,Jerome,2167.9837652675965
373,Georgia,Macon,-247.56872325511995
8,Alabama,Chambers,217.6280955510906
396,Georgia,Putnam,327.9559325494106
1474,Tennessee,Humphreys,-101.38921863243627
609,Iowa,Fayette,544.3338946391982
1571,Texas,Colorado,919.247857583669
1847,Virginia,Fauquier,952.4923823690438
1797,Utah,San Juan,62335.95074219641
93,Arkansas,Columbia,302.65325507452917
1749,Texas,Titus,124.47975739755657
639,Iowa,Marion,1040.4908535305499
1772,Texas,Winkler,-75.59363599749918
1476,Tennessee,Jefferson,5208.754161600364
1066,Nebraska,Kimball,603.0161049526505
1880,Virginia,New Kent,867.469330038145
243,Florida,Highlands,-167.54809720331514
39,Alabama,Lee,-441.5830109452777
457,Idaho,Custer,-358.38585091960294
46,Alabama,Marshall,1367.709080411982
1933,New York,Essex,382.84038160449927
425,Georgia,Walker,414.5660942421373
761,Michigan,Chippewa,136.59465739658845
230,Florida,Dixie,1665.806223458188
1786,Utah,Emery,576.850828245681
971,Missouri,Mississippi,-99.66001379792215
1619,Texas,Guadalupe,307.66501496730734
1519,Tennessee,Van Buren,1146.4534301233039
723,Louisiana,West Baton Rouge,664.5926927289302
1246,Ohio,Fayette,409.28314470957093
31,Alabama,Hale,3509.28636061297
1277,Ohio,Miami,269.711344888286
1719,Texas,Reeves,303.9584826469895
935,Missouri,Dallas,816.0817451549715
1378,Oklahoma,Stephens,3536.375844806876
1470,Tennessee,Henderson,81.06595078940018
517,Illinois,Jasper,2582.0625878620554
50,Alabama,Morgan,9296.057856913307
634,Iowa,Louisa,7358.688548273849
1223,Ohio,Adams,-175.0172408598212
267,Florida,Pinellas,2164.534527547596
1597,Texas,El Paso,508.59240204821754
1338,Oklahoma,Greer,-5.186285806851174
1671,Texas,Limestone,3076.657544969676
1472,Tennessee,Hickman,411.03992681344926
1335,Oklahoma,Garvin,1127.1010876475993
786,Michigan,Keweenaw,1811.9098961321988
865,Mississippi,Leflore,2418.165744522056
176,Colorado,Fremont,3743.7053510843275
1209,North Carolina,Swain,644.3328734296097
1672,Texas,Lipscomb,332.2220379745545
1116,Nevada,Lincoln,579.5162300895099
20,Alabama,Crenshaw,585.3683553378219
139,Arkansas,Pulaski,266.2297809369679
809,Michigan,Ogemaw,31790.979226450312
566,Illinois,Vermilion,72.19773295509867
168,Colorado,Custer,-144.77168310656634
1310,Ohio,Wyandot,-300.3923073531653
938,Missouri,Douglas,68.4592628739706
686,Louisiana,Cameron,558.1778607433293
1242,Ohio,Defiance,2465.515984212963
1181,North Carolina,McDowell,-46.82598276971771
1074,Nebraska,Merrick,-8.704139406362174
1790,Utah,Juab,-203.49679372748506
1179,North Carolina,Madison,1707.9509590256025
790,Michigan,Lenawee,466.867086514932
585,Iowa,Bremer,472.2044427809901
43,Alabama,Madison,2048.726320299444
386,Georgia,Newton,1142.7941080909345
1539,Texas,Bee,3290.7462317708246
1867,Virginia,King George,3799.3533367053246
1714,Texas,Rains,-425.30307967750264
1848,Virginia,Floyd,512.1193756347939
1817,Vermont,Windham,-128.48123961405213
1203,North Carolina,Rutherford,935.7810957034385
1835,Virginia,Carroll,-223.1773379234769
1366,Oklahoma,Osage,4276.13056730471
1231,Ohio,Butler,-378.74323654628324
455,Idaho,Clark,975.4931881481998
1526,Tennessee,Wilson,57.487484557340395
488,Illinois,Calhoun,5297.878128129449
603,Iowa,Decatur,1059.1350627639267
881,Mississippi,Pontotoc,4298.060638123632
863,Mississippi,Leake,-572.2854812477692
1615,Texas,Gray,4948.743857284013
1561,Texas,Castro,4248.269140388329
1895,Virginia,Rappahannock,4702.175802664429
861,Mississippi,Lauderdale,26.80812440994532
1036,Nebraska,Dawes,10960.795333711665
879,Mississippi,Perry,36915.260734198375
855,Mississippi,Jasper,1384.2035700304255
1562,Texas,Chambers,-947.8016995438447
641,Iowa,Mills,-231.40340973852153
951,Missouri,Iron,927.052135372453
92,Arkansas,Cleveland,806.942119896903
1577,Texas,Cottle,595.8439372535804
646,Iowa,Muscatine,50.434075719853354
1319,Oklahoma,Canadian,3742.439918047789
274,Florida,Suwannee,2867.209664650017
419,Georgia,Treutlen,558.8521162280922
1517,Tennessee,Unicoi,950.484462675357
1126,North Carolina,Alleghany,715.18376516132
1290,Ohio,Preble,418.62633590149153
1889,Virginia,Pittsylvania,659.8253643154826
604,Iowa,Delaware,137.22284613095326
1008,Missouri,Warren,2812.5856657661147
650,Iowa,Plymouth,5384.932164706723
986,Missouri,Pike,2046.9925330521924
596,Iowa,Clarke,204.82841581720731
1520,Tennessee,Warren,-270.8730019360487
83,Arkansas,Benton,614.404292772308
956,Missouri,Knox,50.42605102771131
342,Georgia,Glynn,578.888181112573
1403,South Carolina,Dillon,12.608645671340128
981,Missouri,Ozark,312.51480105226256
581,Iowa,Audubon,1044.5298527664918
1025,Nebraska,Butler,7086.078797675516
1813,Vermont,Grand Isle,1246.2455339262629
540,Illinois,Menard,2322.007316365563
469,Idaho,Lincoln,2794.3685528249566
117,Arkansas,Lawrence,5530.747909840653
562,Illinois,Stark,469.0313874393355
582,Iowa,Benton,139.60132506607852
1529,Texas,Angelina,-466.76820379461924
645,Iowa,Montgomery,1139.1689565018692
1685,Texas,McLennan,285.497863471478
672,Iowa,Woodbury,34.39297855418363
1773,Texas,Wise,331.1681652158727
1323,Oklahoma,Cimarron,19524.247113093377
1648,Texas,Jefferson,5438.74502271611
705,Louisiana,Morehouse,104.45008890955523
1158,North Carolina,Gaston,1384.1246656714425
1482,Tennessee,Lewis,-351.6062538548772
900,Mississippi,Wayne,866.7062004080994
1173,North Carolina,Johnston,-97.65471482026487
481,Idaho,Washington,266.53921900244904
583,Iowa,Black Hawk,427.22122475742026
953,Missouri,Jasper,353.3000140931558
154,Colorado,Adams,240.59048905657892
1204,North Carolina,Sampson,628.7341707324872
1156,North Carolina,Forsyth,2759.9746201890416
774,Michigan,Hillsdale,1109.3594956398642
1187,North Carolina,New Hanover,27.44586384759714
361,Georgia,Jenkins,3817.0548915005834
3,Alabama,Bibb,2988.0462105454476
137,Arkansas,Pope,12635.037934449872
1415,South Carolina,Lancaster,640.7611146716122
1912,Virginia,Warren,504.3822831260195
1557,Texas,Cameron,470.4181759089902
1558,Texas,Camp,941.0682036463004
1909,Virginia,Sussex,430.78889988828587
858,Mississippi,Kemper,23097.888306305016
1586,Texas,Delta,195.78335337329918
497,Illinois,Crawford,11020.319329050566
1632,Texas,Henderson,7012.812149674412
1071,Nebraska,Loup,2133.3515058712624
1666,Texas,Lampasas,3346.747744117329
1404,South Carolina,Dorchester,812.613235599682
1114,Nevada,Humboldt,2552.1145744417177
1792,Utah,Millard,2190.294662208699
1084,Nebraska,Platte,172.19429658109084
1176,North Carolina,Lenoir,-387.83996046790844
1129,North Carolina,Avery,21178.74649236199
1254,Ohio,Hancock,524.3996526258311
1601,Texas,Fayette,545.9034400447331
796,Michigan,Marquette,501.52805030656646
48,Alabama,Monroe,555.8853106775937
1770,Texas,Williamson,-252.75346430934405
1906,Virginia,Stafford,914.2039384919467
493,Illinois,Clark,1092.88673779895
383,Georgia,Morgan,330.59414567072145
414,Georgia,Terrell,722.6826512986618
1224,Ohio,Allen,7318.825476527938
1262,Ohio,Jackson,276.36694482824123
321,Georgia,Dade,83.35599383003591
1412,South Carolina,Horry,740.9448371297367
1858,Virginia,Halifax,482.3462702908673
1728,Texas,San Jacinto,1300.4432226203971
628,Iowa,Johnson,382.1115629241622
1810,Vermont,Chittenden,31882.730216137534
658,Iowa,Shelby,186.94174829852682
160,Colorado,Boulder,4414.992023594301
331,Georgia,Elbert,1102.4499288539027
54,Alabama,Randolph,51618.821449587886
522,Illinois,Kankakee,2545.6178891297673
1460,Tennessee,Grainger,-81.35486906182678
903,Mississippi,Winston,374.46408347278475
472,Idaho,Nez Perce,15857.23265161529
697,Louisiana,Iberville,2724.829365099424
1507,Tennessee,Scott,-335.81790063618337
1585,Texas,Deaf Smith,792.7064083206947
913,Missouri,Benton,2522.51556924631
1626,Texas,Harris,1390.8567531331232
269,Florida,Putnam,1463.0415269468963
1762,Texas,Ward,-167.414851431668
857,Mississippi,Jones,191.3937850193047
178,Colorado,Gilpin,-99.7155130521146
1622,Texas,Hamilton,18031.865261122774
1670,Texas,Liberty,1592.7915312240884
422,Georgia,Twiggs,324.5504203516639
1042,Nebraska,Dundy,7656.48203832881
329,Georgia,Echols,554.4542492793466
372,Georgia,Lumpkin,2516.865737111491
1196,North Carolina,Pitt,183.32094683350397
213,Colorado,Summit,757.0866595288671
1275,Ohio,Meigs,868.6242534582248
919,Missouri,Callaway,-401.5220458540839
482,Illinois,Adams,-195.14271293477213
1937,New York,Nassau,244.71433457027933
1272,Ohio,Mahoning,5321.056891897979
974,Missouri,Montgomery,-525.782782538666
1327,Oklahoma,Cotton,-15.622316645409228
685,Louisiana,Caldwell,400.74968003000777
260,Florida,Monroe,-433.30779812509036
440,Idaho,Adams,-600.1651920739221
739,Massachusetts,Franklin,1210.0462834453178
291,Georgia,Bibb,763.1918054852867
1656,Texas,Kenedy,175.60112597333182
782,Michigan,Jackson,838.4361532318103
1729,Texas,San Patricio,-350.1282794321521
1167,North Carolina,Henderson,2756.521674996829
1834,Virginia,Caroline,4644.860729670116
473,Idaho,Oneida,386.532323110996
788,Michigan,Lapeer,7037.5052761324805
1102,Nebraska,Washington,-57.1941927190835
1788,Utah,Grand,-0.7035756418158599
1607,Texas,Freestone,149.9743523602533
1518,Tennessee,Union,9486.649937250824
1716,Texas,Reagan,345.90129645898287
84,Arkansas,Boone,466.1376251472707
1208,North Carolina,Surry,-155.60998606216617
1930,New York,Cayuga,17681.06659872816
1356,Oklahoma,McClain,435.7780168536083
872,Mississippi,Montgomery,158.36028492750074
682,Louisiana,Bossier,838.3804102953895
1546,Texas,Brazoria,-284.2352650166422
273,Florida,Sumter,1209.6338996879585
55,Alabama,Russell,633.0586158884039
1417,South Carolina,Lee,18284.76236341348
1477,Tennessee,Johnson,175.3179906306773
1317,Oklahoma,Bryan,914.4695567927533
534,Illinois,Marshall,642.8491856905953
1888,Virginia,Patrick,1458.789087213473
1315,Oklahoma,Beckham,385.81926354938105
621,Iowa,Howard,281.2463427242119
1603,Texas,Floyd,5021.876607908091
922,Missouri,Carroll,2724.3750627227487
394,Georgia,Polk,3083.645760932641
1266,Ohio,Lawrence,5742.1030207828335
437,Georgia,Wilkinson,-1092.7356283522392
1832,Virginia,Buckingham,-189.71866504993295
1058,Nebraska,Holt,-1402.3131143173541
1388,South Carolina,Aiken,277.16243595800006
51,Alabama,Perry,1009.3966136864246
869,Mississippi,Marion,2001.033630282101
1903,Virginia,Smyth,466.7376630913177
69,Arizona,Graham,2291.4232043171664
932,Missouri,Cooper,2337.89459811198
1907,Virginia,Suffolk,1765.5536492310466
125,Arkansas,Miller,13.14407717902941
706,Louisiana,Natchitoches,2953.3284310049844
725,Louisiana,West Feliciana,6615.781791188128
1391,South Carolina,Bamberg,644.898622519338
1222,North Carolina,Yancey,5019.025272200024
158,Colorado,Baca,19.305703144246763
189,Colorado,Larimer,6839.98003548921
57,Alabama,Sumter,6180.559194024905
1049,Nebraska,Garfield,505.35155256756207
1491,Tennessee,McNairy,7889.577535751865
1649,Texas,Jim Hogg,2490.191842273581
1076,Nebraska,Nance,-46.071536478978715
1489,Tennessee,Maury,1253.4988951935961
408,Georgia,Sumter,449.82568502539925
1544,Texas,Bosque,266.0657591972272
174,Colorado,Elbert,1581.213950076332
1478,Tennessee,Knox,1105.1082871981262
147,Arkansas,Stone,2705.1905532634696
1148,North Carolina,Craven,1622.0305923841884
1425,South Carolina,Pickens,744.9635206756025
930,Missouri,Clinton,1062.3327742989554
660,Iowa,Story,1217.3185342792817
1498,Tennessee,Overton,26359.900561399434
89,Arkansas,Clark,11355.60418841189
810,Michigan,Ontonagon,-238.50613210476217
1063,Nebraska,Kearney,10518.783700435923
489,Illinois,Carroll,510.28890939675375
452,Idaho,Canyon,4054.675584909892
1600,Texas,Fannin,-282.99632853405365
1092,Nebraska,Scotts Bluff,846.7327172293467
1345,Oklahoma,Johnston,94.43703689970198
1540,Texas,Bell,2327.7438777988714
132,Arkansas,Perry,884.9990647973887
1037,Nebraska,Dawson,2471.2478488625097
1139,North Carolina,Carteret,-197.03996891298925
379,Georgia,Miller,2571.0016614103183
191,Colorado,Lincoln,601.7536663117457
1727,Texas,San Augustine,1202.935369784493
384,Georgia,Murray,279.30016210496524
1665,Texas,Lamb,-472.44467948686247
1469,Tennessee,Haywood,685.4171210886611
643,Iowa,Monona,209.36606662543772
580,Iowa,Appanoose,-282.82792872868686
1643,Texas,Irion,2147.7493068429408
169,Colorado,Delta,4961.664015753766
244,Florida,Hillsborough,-123.3714591911505
504,Illinois,Ford,5052.286593886194
1408,South Carolina,Georgetown,1527.2479838970403
153,Arkansas,Yell,1129.1697988364667
371,Georgia,Lowndes,671.2763936956576
787,Michigan,Lake,2813.38957307755
283,Georgia,Bacon,1177.7783835991418
427,Georgia,Ware,32.733880601587316
1115,Nevada,Lander,-115.18170687574548
729,Maine,Hancock,44335.77932419802
1651,Texas,Johnson,1879.0521581303146
1747,Texas,Terry,640.9049176034482
229,Florida,Columbia,29614.79230305483
148,Arkansas,Union,612.7000198900068
1934,New York,Franklin,22311.57544855783
776,Michigan,Huron,4693.43047433149
1675,Texas,Loving,263.1091484525209
1490,Tennessee,McMinn,4938.908366602505
1361,Oklahoma,Noble,696.979426011218
266,Florida,Pasco,1511.2376484545666
1766,Texas,Wheeler,2096.1478424503807
133,Arkansas,Phillips,830.9720129215098
977,Missouri,Newton,-406.89693457281373
25,Alabama,Escambia,2688.194377373959
1535,Texas,Bailey,420.07814736418504
156,Colorado,Arapahoe,434.50632534656506
65,Arizona,Apache,387.24318673922244
62,Alabama,Washington,1194.304098774859
598,Iowa,Clayton,3382.7163911383664
1052,Nebraska,Greeley,6546.854471594646
1163,North Carolina,Guilford,944.209489132329
258,Florida,Martin,-51.05153155666153
323,Georgia,Decatur,2424.8229816720427
946,Missouri,Henry,1415.0372705786936
1258,Ohio,Highland,220.04814147863317
520,Illinois,Johnson,477.9778932054587
1,Alabama,Baldwin,15606.748196527358
1457,Tennessee,Franklin,189.35004045654068
1642,Texas,Hutchinson,8014.269717747422
509,Illinois,Grundy,3232.9025127533573
1001,Missouri,Shelby,-83.18325576871416
134,Arkansas,Pike,824.4879730713155
560,Illinois,Scott,2640.828089271436
1776,Texas,Young,2733.2024194639494
1547,Texas,Brazos,989.9537422736889
1313,Oklahoma,Atoka,-500.8103613640965
381,Georgia,Monroe,58.75089109874989
965,Missouri,Madison,747.5241490469757
391,Georgia,Pickens,27533.851347097472
1180,North Carolina,Martin,999.8897202739277
1679,Texas,Marion,25252.601969458086
780,Michigan,Iron,4861.0459931272835
246,Florida,Indian River,340.4194527790951
1821,Virginia,Amelia,67512.01660928017
1014,Nebraska,Adams,5695.164121651398
466,Idaho,Latah,273.4889116763029
1691,Texas,Mills,2151.6035753871606
1763,Texas,Washington,403.3533160686288
530,Illinois,Macon,623.9750689280695
410,Georgia,Taliaferro,2121.8957695503946
288,Georgia,Bartow,1125.3108244365571
462,Idaho,Gooding,60.37512364341319
880,Mississippi,Pike,276.59274029124435
465,Idaho,Kootenai,2347.2920946596137
474,Idaho,Owyhee,-136.43817986362956
1312,Oklahoma,Alfalfa,660.2321344075799
210,Colorado,San Juan,17283.45940127449
245,Florida,Holmes,-217.44933263796247
1673,Texas,Live Oak,2736.122677144463
1012,Missouri,Worth,1356.7795658734972
463,Idaho,Jefferson,1566.6500655508585
572,Illinois,Whiteside,649.4795186376782
654,Iowa,Poweshiek,1066.446999045837
218,Florida,Alachua,171.99298081815732
1596,Texas,Ellis,788.4540303710032
1875,Virginia,Mathews,169.7060386203225
926,Missouri,Chariton,-465.51489623731914
1392,South Carolina,Barnwell,38777.75400624346
949,Missouri,Howard,490.33395112283097
1492,Tennessee,Meigs,650.8634352492572
894,Mississippi,Tishomingo,-323.7553966913788
561,Illinois,Shelby,4968.023426842448
963,Missouri,Livingston,10499.86677646161
1436,Tennessee,Bledsoe,6332.10151636869
1893,Virginia,Prince William,4125.415013155132
1741,Texas,Stonewall,-306.71223400874214
631,Iowa,Kossuth,1135.3527246947028
1618,Texas,Grimes,-84.5355795556934
1346,Oklahoma,Kay,2422.7566103047743
1253,Ohio,Hamilton,2424.216833050628
1730,Texas,San Saba,1327.882843293297
1593,Texas,Eastland,-196.8658808593193
226,Florida,Citrus,-12.003226140366678
1787,Utah,Garfield,-45.40435969358168
1226,Ohio,Ashtabula,11454.315487844844
1552,Texas,Burleson,662.0281406425461
348,Georgia,Hall,930.2815412305486
1639,Texas,Howard,-499.58388506854203
1201,North Carolina,Rockingham,396.96291582565846
150,Arkansas,Washington,583.909160249797
1793,Utah,Morgan,1007.0422843180604
867,Mississippi,Lowndes,4292.4497947650325
1362,Oklahoma,Nowata,1422.170377100591
1137,North Carolina,Caldwell,-1375.472054634611
1751,Texas,Travis,1455.97752014758
740,Massachusetts,Hampden,74.87932417841557
785,Michigan,Kent,4119.675724963501
364,Georgia,Lamar,377.07085161863506
1559,Texas,Carson,6802.521380047028
1235,Ohio,Clermont,1348.103761287855
1765,Texas,Wharton,4065.0743958192784
1030,Nebraska,Cheyenne,249.670558319664
1923,New Hampshire,Hillsborough,21796.93796442117
1595,Texas,Edwards,3706.0661629232422
690,Louisiana,East Baton Rouge,1819.138868064074
1000,Missouri,Shannon,-197.6498796597873
310,Georgia,Clay,452.12548030566495
36,Alabama,Lamar,2466.991756944842
1434,Tennessee,Bedford,428.90947798036404
1677,Texas,Lynn,593.0494943852232
934,Missouri,Dade,-155.18074655660894
403,Georgia,Screven,797.8432075574933
1324,Oklahoma,Cleveland,2391.746578968017
1736,Texas,Smith,1525.6429941524593
1318,Oklahoma,Caddo,3060.8842070077103
109,Arkansas,Hot Spring,177.5168361877104
228,Florida,Collier,-115.04894747277467
1637,Texas,Hopkins,519.7086899821215
254,Florida,Liberty,492.5173144158721
1154,North Carolina,Durham,1479.5237345007336
1301,Ohio,Tuscarawas,390.33235811609075
1107,Nevada,Carson City,3286.732754805776
1135,North Carolina,Burke,157.26265800553074
1522,Tennessee,Wayne,3822.383418172463
687,Louisiana,Catahoula,171.39978765634487
746,Michigan,Alger,6973.670541511969
807,Michigan,Oakland,3235.271589638875
979,Missouri,Oregon,-327.5843483933734
698,Louisiana,Jackson,1444.3021135771246
924,Missouri,Cass,-783.6081763649206
212,Colorado,Sedgwick,5232.422742046938
1053,Nebraska,Hall,6125.416708227149
392,Georgia,Pierce,-266.8512939265113
490,Illinois,Cass,35.52023458520216
733,Maine,Penobscot,1301.297966809448
1281,Ohio,Morrow,2197.488935311016
989,Missouri,Pulaski,1111.3384906014126
1402,South Carolina,Darlington,4438.191876885248
34,Alabama,Jackson,-138.93360485397898
1860,Virginia,Hanover,10.51031435026789
1045,Nebraska,Frontier,-78.23103350537485
1072,Nebraska,Madison,1678.614642513498
1005,Missouri,Taney,1153.08539904311
513,Illinois,Henderson,1102.1249373005062
947,Missouri,Hickory,3441.784455989919
619,Iowa,Harrison,24290.635596124375
1424,South Carolina,Orangeburg,556.1738759989034
1225,Ohio,Ashland,5202.13939032712
61,Alabama,Walker,343.72307198144017
777,Michigan,Ingham,29857.789645126704
198,Colorado,Morgan,165.30209925950703
901,Mississippi,Webster,987.4124970989251
704,Louisiana,Madison,4317.354647053411
856,Mississippi,Jefferson,13215.24859770985
155,Colorado,Alamosa,2.6781170381109405
453,Idaho,Caribou,1383.9897743534934
1900,Virginia,Russell,715.4871981026608
1124,North Carolina,Alamance,499.55882354458754
501,Illinois,Edwards,686.0978570806769
1250,Ohio,Geauga,292.71100831050035
1550,Texas,Brooks,2241.042289483705
626,Iowa,Jasper,14117.096852645602
1426,South Carolina,Richland,1345.2163564834823
620,Iowa,Henry,535.8700066867423
1401,South Carolina,Colleton,2374.5811201452984
735,Maine,Washington,1477.8513882587145
1938,New York,Queens,8719.878451295765
171,Colorado,Dolores,850.4846813550907
749,Michigan,Antrim,2645.6214148729637
955,Missouri,Johnson,960.5828735898322
1876,Virginia,Mecklenburg,2779.4105248404207
1271,Ohio,Madison,746.82391883017
1245,Ohio,Fairfield,3685.597562788213
406,Georgia,Stephens,-103.24393223755465
1020,Nebraska,Box Butte,115.12820485211432
570,Illinois,Wayne,247.60295112216772
954,Missouri,Jefferson,580.074266567643
327,Georgia,Douglas,2507.975488575627
1532,Texas,Armstrong,-399.5564920709312
1132,North Carolina,Bladen,424.4898174398404
442,Idaho,Bear Lake,549.5809113245718
1704,Texas,Oldham,629.4321087616504
812,Michigan,Oscoda,3330.927807445561
519,Illinois,Jersey,381.80514064403496
195,Colorado,Moffat,1236.022051730476
47,Alabama,Mobile,2264.400363490148
535,Illinois,Mason,181.71580238653542
1680,Texas,Martin,1299.6088517151334
1588,Texas,De Witt,696.1706155483598
1068,Nebraska,Lancaster,-188.6990048650439
633,Iowa,Linn,1129.3785057226928
889,Mississippi,Stone,4472.116473916498
1554,Texas,Caldwell,-863.320568633518
1630,Texas,Hays,633.9022007440344
1553,Texas,Burnet,-51.61192864241798
1511,Tennessee,Smith,348.47381574956034
1781,Utah,Cache,921.1749503429942
140,Arkansas,Randolph,440.2699321360142
1621,Texas,Hall,249.22160000670556
1877,Virginia,Middlesex,21004.682337412265
1373,Oklahoma,Pushmataha,1139.3377683959648
1190,North Carolina,Orange,1742.1832894845516
454,Idaho,Cassia,-39.56400418992234
1537,Texas,Bastrop,1095.9757587956083
368,Georgia,Liberty,2652.332854399416
248,Florida,Jefferson,63.34270317046912
678,Louisiana,Assumption,-218.44567669280946
1580,Texas,Crosby,862.2128863706562
558,Illinois,Sangamon,137.69881749087472
802,Michigan,Monroe,654.3962440999971
870,Mississippi,Marshall,-431.5953746882135
1775,Texas,Yoakum,19.630097346029288
612,Iowa,Fremont,10462.116575327054
1514,Tennessee,Sumner,7538.300413248187
1106,Nebraska,York,-174.39573259568965
1278,Ohio,Monroe,151.71476915505036
1724,Texas,Runnels,2991.2745870898457
27,Alabama,Fayette,728.7860683192634
728,Maine,Franklin,232.57407435370715
948,Missouri,Holt,796.5877586695319
1587,Texas,Denton,17780.6357213631
771,Michigan,Gogebic,191.33204224143492
760,Michigan,Cheboygan,4443.4713507088145
623,Iowa,Ida,952.209276953849
1864,Virginia,Isle of Wight,-580.2597366401321
1463,Tennessee,Hamblen,2693.3872213488207
1598,Texas,Erath,2287.9480005585324
1353,Oklahoma,Major,10694.651305491596
877,Mississippi,Panola,3993.6910492306965
1831,Virginia,Buchanan,201.34598407751537
757,Michigan,Calhoun,-362.6570884460157
1007,Missouri,Vernon,330.69811740655996
893,Mississippi,Tippah,45771.711483602674
1870,Virginia,Lee,827.5479541032805
1927,New Hampshire,Sullivan,-158.34561019381363
1657,Texas,Kent,7765.635734929951
1410,South Carolina,Greenwood,305.3080556231457
1688,Texas,Menard,116.16334134244653
1015,Nebraska,Antelope,-221.96428693759344
1878,Virginia,Montgomery,684.9452402638271
736,Maine,York,737.6856736113627
1805,Utah,Washington,-440.10745441340373
433,Georgia,White,1360.9780162073844
1917,Virginia,York,718.441812318863
1620,Texas,Hale,1240.3398776634053
175,Colorado,El Paso,1410.1042090316832
225,Florida,Charlotte,2411.8480704079598
1502,Tennessee,Putnam,1092.8590527547208
1205,North Carolina,Scotland,941.7757919143905
524,Illinois,Knox,31.429055257667187
60,Alabama,Tuscaloosa,256.53667024337665
528,Illinois,Livingston,1294.146607881621
1904,Virginia,Southampton,280.9127699470555
1652,Texas,Jones,9731.486091845587
157,Colorado,Archuleta,-474.7416827819359
556,Illinois,Rock Island,198.21995482785906
553,Illinois,Putnam,43036.128708724995
102,Arkansas,Faulkner,1373.809687448098
689,Louisiana,Concordia,1102.6848133352814
184,Colorado,Jefferson,27979.17703752323
850,Mississippi,Holmes,399.61374530480134
68,Arizona,Gila,81892.21020687118
950,Missouri,Howell,17504.984347221216
224,Florida,Calhoun,789.614835426868
1641,Texas,Hunt,3398.0441612920945
991,Missouri,Ralls,1252.3812660273666
1029,Nebraska,Cherry,2809.052501225187
1510,Tennessee,Shelby,1325.6724276765158
1493,Tennessee,Monroe,2263.3015356975716
105,Arkansas,Garland,5490.671266744641
135,Arkansas,Poinsett,1923.7461967644363
1723,Texas,Rockwall,563.6876415050301
196,Colorado,Montezuma,126.9468760775394
681,Louisiana,Bienville,737.5180967810134
388,Georgia,Oglethorpe,690.2847494606035
648,Iowa,Page,714.1739020110576
486,Illinois,Brown,956.6624630159818
263,Florida,Orange,2158.155166555059
878,Mississippi,Pearl River,668.7106602659328
1725,Texas,Rusk,-389.27237524992734
444,Idaho,Bingham,-179.75794557049153
87,Arkansas,Carroll,352.18496319531596
1280,Ohio,Morgan,150344.26926336144
1480,Tennessee,Lauderdale,1514.8798887708163
1427,South Carolina,Saluda,-15.183842228511367
1430,South Carolina,Union,826.1714291054445
1573,Texas,Comanche,1119.9582177228012
1260,Ohio,Holmes,7302.123819865721
1125,North Carolina,Alexander,3984.4096863742384
1189,North Carolina,Onslow,38.96972528413653
999,Missouri,Scott,465.30372486498663
1010,Missouri,Wayne,1120.3560478842478
1447,Tennessee,Cocke,975.8955655019586
5,Alabama,Bullock,-269.4470659119029
1091,Nebraska,Saunders,888.7180929582805
96,Arkansas,Crawford,-78.90533011125035
376,Georgia,McDuffie,-378.9880058666904
1027,Nebraska,Cedar,1706.0073099596293
1501,Tennessee,Polk,7220.395727377125
1193,North Carolina,Pender,1152.144078503898
1628,Texas,Hartley,1113.3986111990612
573,Illinois,Will,1846.610211266749
579,Iowa,Allamakee,-1.7059667600378816
1214,North Carolina,Wake,4397.742656995664
332,Georgia,Emanuel,2477.8579501690115
290,Georgia,Berrien,1029.9701719129926
357,Georgia,Jackson,14785.611989257653
322,Georgia,Dawson,135.11100349168692
1806,Utah,Wayne,-144.75711744478895
940,Missouri,Franklin,2250.691999706822
1475,Tennessee,Jackson,-341.25842378913717
1128,North Carolina,Ashe,40044.59650776508
1794,Utah,Piute,67.4287470577674
601,Iowa,Dallas,-28.27671076660772
1567,Texas,Coke,1124.378688164601
1689,Texas,Midland,528.6838387746625
222,Florida,Brevard,2928.68138715975
664,Iowa,Van Buren,5227.493156323608
73,Arizona,Mohave,243.15828519927663
1614,Texas,Gonzales,347.57463073515055
1623,Texas,Hansford,281.171329924774
1119,Nevada,Nye,4309.640712728893
772,Michigan,Grand Traverse,708.5770423482477
159,Colorado,Bent,-470.0759131060586
434,Georgia,Whitfield,483.7225668794158
799,Michigan,Menominee,1738.4345226401279
1771,Texas,Wilson,96.5611590313274
1857,Virginia,Greensville,1047.0969667110671
759,Michigan,Charlevoix,4992.674884505923
1616,Texas,Grayson,561.4612808251891
1825,Virginia,Augusta,1052.1573785331489
1819,Virginia,Albemarle,68.75862911993454
714,Louisiana,Sabine,-344.0010867393744
1149,North Carolina,Cumberland,1526.6288850932524
1454,Tennessee,Dyer,731.3468098833441
1710,Texas,Pecos,-620.9527799774746
1635,Texas,Hockley,408.90411124020557
1299,Ohio,Summit,258.97502887453766
231,Florida,Duval,1649.2496871117037
428,Georgia,Warren,3272.8779991989654
1783,Utah,Daggett,2068.3490630711362
1186,North Carolina,Nash,480.96950857711045
1056,Nebraska,Hayes,1345.1262923062318
694,Louisiana,Franklin,-267.66325892451005
684,Louisiana,Calcasieu,8447.325361325253
1419,South Carolina,Marion,1081.5706569013328
701,Louisiana,Lafourche,1302.8309495286653
380,Georgia,Mitchell,-471.6468130889166
451,Idaho,Camas,553.3849546696906
107,Arkansas,Greene,1140.2180211198734
286,Georgia,Banks,1247.774752255336
1019,Nebraska,Boone,-490.2526147033509
549,Illinois,Piatt,11764.928315160738
1866,Virginia,King and Queen,1012.9706585544836
1602,Texas,Fisher,-102.62676745127465
1746,Texas,Terrell,5332.528465189909
2,Alabama,Barbour,471.1319743528152
1002,Missouri,Stoddard,776.8663230671546
272,Florida,Seminole,196.22514275680396
1542,Texas,Blanco,440.13718593634485
116,Arkansas,Lafayette,-12.037766506165099
853,Mississippi,Itawamba,475.10948773995733
1920,New Hampshire,Cheshire,-100.36421883731009
1297,Ohio,Shelby,10912.754597669333
758,Michigan,Cass,-533.6494803481576
1584,Texas,Dawson,-34.879495238187474
1420,South Carolina,Marlboro,760.0438047432676
845,Mississippi,Greene,1742.133096941981
412,Georgia,Taylor,447.0502324973063
199,Colorado,Otero,3178.906339693081
1883,Virginia,Northampton,2965.4643977032006
941,Missouri,Gasconade,2497.0479659836324
920,Missouri,Camden,428.33751632259055
655,Iowa,Ringgold,-380.34388390618165
1263,Ohio,Jefferson,8975.85408850171
679,Louisiana,Avoyelles,848.107690015112
806,Michigan,Newaygo,998.8225865873633
1872,Virginia,Louisa,547.9619970189528
1809,Vermont,Bennington,1602.9196385817136
1003,Missouri,Stone,-523.1281542890558
400,Georgia,Richmond,2010.9900584000675
1919,New Hampshire,Carroll,7012.526712797002
745,Michigan,Alcona,2680.351385529802
1721,Texas,Roberts,378.7778183015844
1467,Tennessee,Hardin,739.0581379488576
185,Colorado,Kiowa,3330.6719082404747
1726,Texas,Sabine,5125.515428687719
1308,Ohio,Williams,4181.296782923222
1738,Texas,Starr,762.2523957378285
287,Georgia,Barrow,5001.349735605267
1829,Virginia,Botetourt,552.1516318545882
1445,Tennessee,Claiborne,490.94041947274263
101,Arkansas,Drew,-193.99152125514365
1055,Nebraska,Harlan,-210.81538980618552
476,Idaho,Power,822.8740482558578
1744,Texas,Tarrant,497.81091964427014
1067,Nebraska,Knox,1344.6991362265157
998,Missouri,Scotland,7.6550402644520545
487,Illinois,Bureau,-112.85000550648715
1384,Oklahoma,Washita,-318.24404562017526
692,Louisiana,East Feliciana,524.7004546647804
1330,Oklahoma,Custer,382.7528590731117
1508,Tennessee,Sequatchie,-894.2744850235244
30,Alabama,Greene,503.4746605791797
905,Mississippi,Yazoo,2796.1969903481117
752,Michigan,Barry,19496.773453666065
211,Colorado,San Miguel,1332.8429585252902
1699,Texas,Navarro,356.3877886336468
1796,Utah,Salt Lake,-227.97474626617668
964,Missouri,Macon,1502.988680000149
461,Idaho,Gem,-488.47230380415067
1195,North Carolina,Person,73.85738290788686
121,Arkansas,Logan,35095.365646659164
378,Georgia,Meriwether,36.774433023737856
817,Michigan,Saginaw,1924.2032957751212
341,Georgia,Glascock,1489.5967546840106
1874,Virginia,Madison,508.18494258045075
238,Florida,Gulf,553.2375749621056
1444,Tennessee,Chester,5059.2693957747615
1240,Ohio,Cuyahoga,-36.41011940255771
1162,North Carolina,Greene,2684.5615605627413
142,Arkansas,Scott,7702.563108669476
548,Illinois,Perry,2468.6634444732367
721,Louisiana,Washington,1006.7006604215071
180,Colorado,Gunnison,899.5608279542253
1229,Ohio,Belmont,1928.8019792441078
1574,Texas,Concho,4926.341747937515
1192,North Carolina,Pasquotank,1060.94896586405
1590,Texas,Dimmit,600.3159952530073
578,Iowa,Adams,11371.964400624103
1112,Nevada,Esmeralda,57.12770949322157
1051,Nebraska,Grant,4695.55191366544
1926,New Hampshire,Strafford,400.51277075384496
237,Florida,Glades,-286.87991967499283
1221,North Carolina,Yadkin,328.78253646328403
970,Missouri,Miller,-40.473258061698516
805,Michigan,Muskegon,268.78952581412295
848,Mississippi,Harrison,854.9913997255439
966,Missouri,Maries,-9.340471350139524
14,Alabama,Cleburne,-56.46374724729435
815,Michigan,Presque Isle,795.9209881012321
1838,Virginia,Chesterfield,7232.57032846788
449,Idaho,Boundary,3087.9896119899936
436,Georgia,Wilkes,1182.4398008897351
962,Missouri,Linn,101.42307942151592
197,Colorado,Montrose,-109.45619469385315
1083,Nebraska,Pierce,217.92247150756566
494,Illinois,Clay,399.259593427219
814,Michigan,Ottawa,816.576237172716
844,Mississippi,George,339.5486673391374
114,Arkansas,Jefferson,1384.7036765432808
1360,Oklahoma,Muskogee,630.4883116604001
1568,Texas,Coleman,71111.68707172567
550,Illinois,Pike,6278.670054962688
1659,Texas,Kimble,4027.3768576806274
1915,Virginia,Wise,3165.6065544373255
503,Illinois,Fayette,265.0609480493463
1172,North Carolina,Jackson,1264.9823879501678
1564,Texas,Childress,13093.616984906386
699,Louisiana,Jefferson,457.15734211860126
543,Illinois,Montgomery,1822.5596566980194
1818,Vermont,Windsor,346.6446018259521
1211,North Carolina,Tyrrell,2782.9801724852373
1028,Nebraska,Chase,698.0071818188544
1853,Virginia,Gloucester,2261.321643167516
1244,Ohio,Erie,133.33488427873817
71,Arizona,La Paz,-59.91398157639787
651,Iowa,Pocahontas,11.117995659082226
625,Iowa,Jackson,-275.0819011270769
599,Iowa,Clinton,530.5650038100543
840,Mississippi,Copiah,129.34202258044388
1062,Nebraska,Johnson,-68.74873792396806
1645,Texas,Jackson,1646.4469119789865
1466,Tennessee,Hardeman,5095.08336679799
1486,Tennessee,Madison,3944.42082330271
313,Georgia,Cobb,1083.5665155881684
1367,Oklahoma,Ottawa,829.7755374383619
831,Mississippi,Bolivar,108.0340960623721
1687,Texas,Medina,1115.9779163409312
387,Georgia,Oconee,1022.2405512172918
1647,Texas,Jeff Davis,10236.642470462139
1261,Ohio,Huron,1491.482112924266
6,Alabama,Butler,617.7724229326318
937,Missouri,Dent,1916.1795566503988
1839,Virginia,Clarke,995.270221914996
925,Missouri,Cedar,530.342839774165
606,Iowa,Dickinson,2031.2942456226087
253,Florida,Levy,-67.03782074406877
1374,Oklahoma,Roger Mills,3521.8533791663635
307,Georgia,Chattooga,4901.719001081441
1852,Virginia,Giles,2633.101479194663
1146,North Carolina,Cleveland,-386.5955779212452
1661,Texas,Kinney,20891.225028684123
1136,North Carolina,Cabarrus,447.451227647477
1925,New Hampshire,Rockingham,176.8844194604353
1159,North Carolina,Gates,180.4334091783694
1194,North Carolina,Perquimans,1244.1704182591843
1269,Ohio,Lorain,11838.60861233612
1249,Ohio,Gallia,2401.674019308705
1702,Texas,Nueces,545.9662978258702
1169,North Carolina,Hoke,-106.09018881062389
1686,Texas,McMullen,432.4353621934183
1131,North Carolina,Bertie,217.15348726867387
1830,Virginia,Brunswick,-180.81147735645482
1634,Texas,Hill,630.0716807352624
296,Georgia,Bulloch,2878.427295623223
206,Colorado,Rio Blanco,6245.161204876438
1755,Texas,Upton,396.3969167008777
1669,Texas,Leon,34964.67853100673
1210,North Carolina,Transylvania,1334.158662338034
1855,Virginia,Grayson,451.38265810801477
683,Louisiana,Caddo,1013.2835157347995
1739,Texas,Stephens,25504.462420592317
715,Louisiana,Tangipahoa,174.43536140095375
58,Alabama,Talladega,-52.68404886530311
983,Missouri,Perry,4204.860130874822
1664,Texas,Lamar,650.6967829993905
1274,Ohio,Medina,346.997819170148
362,Georgia,Johnson,1026.7957018079032
1110,Nevada,Douglas,731.401194455681
429,Georgia,Washington,290.70435523418155
769,Michigan,Genesee,29403.596549161834
547,Illinois,Peoria,-241.85537029921352
837,Mississippi,Clarke,1733.304297048247
1044,Nebraska,Franklin,1046.594006541091
409,Georgia,Talbot,1941.8809743227334
397,Georgia,Quitman,130.27217182582626
67,Arizona,Coconino,978.3130095897513
521,Illinois,Kane,804.4594004581809
479,Idaho,Twin Falls,2014.4777582603615
898,Mississippi,Warren,855.3618043544789
559,Illinois,Schuyler,570.9645182819363
1364,Oklahoma,Oklahoma,-432.1590892175707
747,Michigan,Allegan,-385.02567851787444
1109,Nevada,Clark,2885.5724106196008
1354,Oklahoma,Marshall,-374.3264991759588
172,Colorado,Douglas,-212.0114912455349
713,Louisiana,Richland,1375.941410156166
